Creator Name,Category
avisha suman,LAKSH/LAKSH (Capital)
ayushaa,LAKSH/LAKSH (Capital)
dhiksha,LAKSH/LAKSH (Capital)
gurasis,LAKSH/LAKSH (Capital)
juhi singh,LAKSH/LAKSH (Capital)
kashish sharma,LAKSH/LAKSH (Capital)
megha mishra,LAKSH/LAKSH (Capital)
namrata,LAKSH/LAKSH (Capital)
pawan ghambhir,LAKSH/LAKSH (Capital)
priyattama limma,LAKSH/LAKSH (Capital)
rahul,LAKSH/LAKSH (Capital)
sadaf,LAKSH/LAKSH (Capital)
samaira bedi,LAKSH/LAKSH (Capital)
sareen negi,LAKSH/LAKSH (Capital)
shivani singh,LAKSH/LAKSH (Capital)
sonali meena,LAKSH/LAKSH (Capital)
sugapriya r,LAKSH/LAKSH (Capital)
