Creator Name,Handel By Type
aditya singh,Lowercase laksh
aeshna,Lowercase laksh
akarsh tandon,Lowercase laksh
akash yadav,Lowercase laksh
akshat vij,Lowercase laksh
aman sharma,Lowercase laksh
anshika,Lowercase laksh
anushka pradhan,Lowercase laksh
anushka tanpure,Lowercase laksh
ayesha mukadam,Lowercase laksh
ayushi,Lowercase laksh
bhavi saini,Lowercase laksh
bhoomika k g,Lowercase laksh
dev,Lowercase laksh
diksha,Lowercase laksh
divya,Lowercase laksh
diya,Lowercase laksh
drishya,Lowercase laksh
eshika jothish,Lowercase laksh
hensi soni,Lowercase laksh
himanshi agrawal,Lowercase laksh
janvi,Lowercase laksh
kashish miglani,Lowercase laksh
katyayni,Lowercase laksh
khushi chauhan,Lowercase laksh
khushwat,Lowercase laksh
kirti,Lowercase laksh
krish bisht,Lowercase laksh
kritika mehndiratta,Lowercase laksh
manar,Lowercase laksh
mansi tyagi,Lowercase laksh
manya,Lowercase laksh
mohit singh,Lowercase laksh
ms. maneesha p s,Lowercase laksh
naina,Lowercase laksh
nikita pukhraj,Lowercase laksh
nitasha goyal,Lowercase laksh
palak,Lowercase laksh
palak choudhary,Lowercase laksh
piyush rastogi,Lowercase laksh
prachi,Lowercase laksh
preet dhillon,Lowercase laksh
priyanka das,Lowercase laksh
puja tiwary,Lowercase laksh
rajiv rathod,Lowercase laksh
rishi,Lowercase laksh
rishi chauhan,Lowercase laksh
riya tyagi,Lowercase laksh
shruti katoch,Lowercase laksh
sonal,Lowercase laksh
sonal kumar,Lowercase laksh
sparya,Lowercase laksh
suhani garg,Lowercase laksh
swapnil jha,Lowercase laksh
tanishq batra,Lowercase laksh
tapish soni,Lowercase laksh
yashika arora,Lowercase laksh
